dataset,n,date,constant_multiplier,largest_h_minor_model,smallest_h_separator,separator_size,max_bfs_depth,iterations,first_condition_calls,line11_calls,line11_median_returns,time_elapsed_seconds,search_seconds,final_run_seconds,peak_rss_mb
datasets/road-euroroad.txt,1039,2026-07-17,1,3,4,47,43,1,0,1,1,0.103,0.084,0.019,20.5
datasets/minnesota.txt,2640,2026-07-17,1,2,3,50,99,1,0,1,1,0.19,0.161,0.029,27.9
datasets/road-euroroad.txt,1039,2026-07-17,2,5,6,69,66,11,10,1,1,0.483,0.373,0.111,22.7
datasets/road-euroroad.txt,1039,2026-07-17,50,5,6,72,66,12,12,0,0,0.539,0.422,0.117,22.5
datasets/road-euroroad.txt,1039,2026-07-17,100,5,6,72,66,12,12,0,0,0.579,0.44,0.139,22.5
datasets/road-euroroad.txt,1039,2026-07-17,5,5,6,72,66,12,12,0,0,0.604,0.462,0.142,22.6
datasets/road-euroroad.txt,1039,2026-07-17,3,5,6,72,66,12,12,0,0,0.644,0.484,0.16,22.5
datasets/road-euroroad.txt,1039,2026-07-17,10,5,6,72,66,12,12,0,0,0.666,0.483,0.184,22.8
datasets/road-euroroad.txt,1039,2026-07-17,20,5,6,72,66,12,12,0,0,0.673,0.527,0.146,22.5
datasets/minnesota.txt,2640,2026-07-17,2,3,4,55,133,15,15,0,0,1.284,0.759,0.525,29.8
datasets/minnesota.txt,2640,2026-07-17,3,3,4,55,133,15,15,0,0,1.135,0.638,0.497,28.9
datasets/minnesota.txt,2640,2026-07-17,50,3,4,55,133,15,15,0,0,1.032,0.643,0.389,28.5
datasets/minnesota.txt,2640,2026-07-17,20,3,4,55,133,15,15,0,0,1.101,0.636,0.464,28.9
datasets/minnesota.txt,2640,2026-07-17,5,3,4,55,133,15,15,0,0,1.196,0.683,0.513,28.8
datasets/minnesota.txt,2640,2026-07-17,10,3,4,55,133,15,15,0,0,1.21,0.714,0.497,28.6
datasets/minnesota.txt,2640,2026-07-17,100,3,4,55,133,15,15,0,0,1.17,0.653,0.516,28.9
datasets/San Joaquin Road Network's Edges.csv,18263,2026-07-17,1,4,5,370,159,6,6,0,0,6.828,4.894,1.934,50.6
datasets/Oldenburg Road Network's Edges.csv,6105,2026-07-17,1,4,5,227,98,4,3,1,1,1.973,1.605,0.368,50.6
datasets/San Joaquin Road Network's Edges.csv,18263,2026-07-17,20,4,5,370,159,6,6,0,0,9.529,7.736,1.792,51.0
datasets/San Joaquin Road Network's Edges.csv,18263,2026-07-17,50,4,5,370,159,6,6,0,0,9.626,7.59,2.036,51.2
datasets/San Joaquin Road Network's Edges.csv,18263,2026-07-17,10,4,5,370,159,6,6,0,0,9.827,7.843,1.985,50.2
datasets/San Joaquin Road Network's Edges.csv,18263,2026-07-17,2,4,5,370,159,6,6,0,0,10.055,8.227,1.828,51.4
datasets/San Joaquin Road Network's Edges.csv,18263,2026-07-17,3,4,5,370,159,6,6,0,0,10.051,8.011,2.04,51.6
datasets/San Joaquin Road Network's Edges.csv,18263,2026-07-17,5,4,5,370,159,6,6,0,0,9.985,8.001,1.984,50.2
datasets/San Joaquin Road Network's Edges.csv,18263,2026-07-17,100,4,5,370,159,6,6,0,0,9.904,7.964,1.94,50.4
datasets/Oldenburg Road Network's Edges.csv,6105,2026-07-17,2,5,6,200,198,11,10,1,1,4.707,3.742,0.965,50.6
datasets/Oldenburg Road Network's Edges.csv,6105,2026-07-17,3,5,6,282,198,11,11,0,0,4.462,3.563,0.899,51.0
datasets/Oldenburg Road Network's Edges.csv,6105,2026-07-17,5,5,6,282,198,11,11,0,0,4.627,3.774,0.854,51.2
datasets/Oldenburg Road Network's Edges.csv,6105,2026-07-17,20,5,6,282,198,11,11,0,0,4.665,3.735,0.931,51.4
datasets/Oldenburg Road Network's Edges.csv,6105,2026-07-17,50,5,6,282,198,11,11,0,0,4.842,3.761,1.082,50.2
datasets/Oldenburg Road Network's Edges.csv,6105,2026-07-17,100,5,6,282,198,11,11,0,0,4.867,3.887,0.98,51.6
datasets/Oldenburg Road Network's Edges.csv,6105,2026-07-17,10,5,6,282,198,11,11,0,0,4.975,3.911,1.064,50.2
datasets/social/tvshow_edges.csv,3892,2026-07-17,1,18,19,978,19,13,12,1,1,11.486,9.882,1.605,50.4
datasets/California Road Network's Edges.csv,21048,2026-07-17,1,1,2,57,601,1,0,1,1,0.901,0.537,0.364,61.3
datasets/California Road Network's Edges.csv,21048,2026-07-17,2,2,3,60,621,4,3,1,1,3.781,2.418,1.362,77.5
datasets/California Road Network's Edges.csv,21048,2026-07-17,3,3,4,304,707,7,6,1,1,7.089,4.662,2.427,81.4
datasets/social/tvshow_edges.csv,3892,2026-07-17,2,27,28,516,22,28,28,0,0,27.707,23.597,4.109,50.6
datasets/social/tvshow_edges.csv,3892,2026-07-17,5,27,28,516,22,28,28,0,0,27.832,23.871,3.961,51.2
datasets/social/tvshow_edges.csv,3892,2026-07-17,3,27,28,516,22,28,28,0,0,28.172,23.977,4.194,51.0
datasets/social/tvshow_edges.csv,3892,2026-07-17,10,27,28,516,22,28,28,0,0,27.656,23.617,4.039,51.4
datasets/social/tvshow_edges.csv,3892,2026-07-17,50,27,28,516,22,28,28,0,0,27.849,23.755,4.094,51.6
datasets/social/tvshow_edges.csv,3892,2026-07-17,20,27,28,516,22,28,28,0,0,28.207,23.952,4.255,50.2
datasets/social/tvshow_edges.csv,3892,2026-07-17,100,27,28,516,22,28,28,0,0,28.711,24.357,4.354,50.2
datasets/California Road Network's Edges.csv,21048,2026-07-17,5,4,5,523,707,18,18,0,0,22.33,16.648,5.682,89.3
datasets/California Road Network's Edges.csv,21048,2026-07-17,10,4,5,523,707,18,18,0,0,27.382,21.873,5.509,83.8
datasets/California Road Network's Edges.csv,21048,2026-07-17,50,4,5,523,707,18,18,0,0,27.226,21.63,5.596,85.5
datasets/California Road Network's Edges.csv,21048,2026-07-17,20,4,5,523,707,18,18,0,0,27.409,22.028,5.381,84.0
datasets/California Road Network's Edges.csv,21048,2026-07-17,100,4,5,523,707,18,18,0,0,27.456,21.841,5.615,83.3
datasets/social/musae_PTBR_edges.csv,1912,2026-07-17,3,58,59,426,8,60,60,0,0,125.499,108.342,17.157,50.2
datasets/social/musae_PTBR_edges.csv,1912,2026-07-17,10,58,59,426,8,60,60,0,0,125.692,108.803,16.889,89.3
datasets/social/musae_PTBR_edges.csv,1912,2026-07-17,5,58,59,426,8,60,60,0,0,126.406,109.363,17.043,51.6
datasets/social/musae_PTBR_edges.csv,1912,2026-07-17,20,58,59,426,8,60,60,0,0,126.595,109.804,16.791,98.2
datasets/social/musae_PTBR_edges.csv,1912,2026-07-17,100,58,59,426,8,60,60,0,0,125.579,108.966,16.613,91.8
datasets/social/musae_PTBR_edges.csv,1912,2026-07-17,50,58,59,426,8,60,60,0,0,126.443,109.659,16.784,92.9
datasets/social/lastfm_asia_edges.csv,7624,2026-07-17,2,43,44,1195,22,44,44,0,0,123.828,102.546,21.282,91.8
datasets/social/lastfm_asia_edges.csv,7624,2026-07-17,3,43,44,1195,22,44,44,0,0,128.79,107.139,21.65,92.9
datasets/social/lastfm_asia_edges.csv,7624,2026-07-17,5,43,44,1195,22,44,44,0,0,130.93,114.058,16.872,98.2
datasets/social/musae_RU_edges.csv,4385,2026-07-17,5,64,65,758,10,65,65,0,0,255.107,226.245,28.862,50.2
datasets/social/musae_RU_edges.csv,4385,2026-07-17,10,64,65,758,10,65,65,0,0,257.93,229.953,27.977,86.3
datasets/social/musae_RU_edges.csv,4385,2026-07-17,20,64,65,758,10,65,65,0,0,261.984,233.928,28.056,50.2
datasets/social/musae_RU_edges.csv,4385,2026-07-17,50,64,65,758,10,65,65,0,0,263.671,236.113,27.558,89.3
datasets/social/musae_RU_edges.csv,4385,2026-07-17,100,64,65,758,10,65,65,0,0,263.9,236.485,27.414,51.6
datasets/social/lastfm_asia_edges.csv,7624,2026-07-17,10,43,44,1195,22,44,44,0,0,134.866,119.086,15.78,91.8
datasets/social/lastfm_asia_edges.csv,7624,2026-07-17,20,43,44,1195,22,44,44,0,0,133.974,117.844,16.13,92.9
datasets/social/lastfm_asia_edges.csv,7624,2026-07-17,50,43,44,1195,22,44,44,0,0,133.827,115.649,18.178,98.2
datasets/social/lastfm_asia_edges.csv,7624,2026-07-17,100,43,44,1195,22,44,44,0,0,134.011,117.533,16.478,50.2
datasets/social/facebook_combined.csv,4039,2026-07-17,1,20,21,126,15,36,36,0,0,138.636,116.379,22.257,86.3
datasets/luxembourg.csv,114599,2026-07-17,1,2,3,247,1034,1,0,1,1,14.783,11.505,3.277,206.7
datasets/social/facebook_combined.csv,4039,2026-07-17,2,20,21,126,15,36,36,0,0,148.468,126.314,22.154,50.2
datasets/social/facebook_combined.csv,4039,2026-07-17,5,20,21,126,15,36,36,0,0,149.118,126.943,22.176,51.6
datasets/social/facebook_combined.csv,4039,2026-07-17,3,20,21,126,15,36,36,0,0,149.975,127.569,22.405,89.3
datasets/luxembourg.csv,114599,2026-07-17,2,4,5,247,1034,1,0,1,1,39.351,35.936,3.415,225.8
datasets/social/facebook_combined.csv,4039,2026-07-17,10,20,21,126,15,36,36,0,0,149.367,127.133,22.234,91.8
datasets/social/facebook_combined.csv,4039,2026-07-17,20,20,21,126,15,36,36,0,0,149.483,127.023,22.46,92.9
datasets/social/facebook_combined.csv,4039,2026-07-17,50,20,21,126,15,36,36,0,0,148.631,126.54,22.091,98.2
datasets/luxembourg.csv,114599,2026-07-17,3,6,7,247,1034,1,0,1,1,66.735,63.222,3.512,205.2
datasets/social/facebook_combined.csv,4039,2026-07-17,100,20,21,126,15,36,36,0,0,146.587,124.76,21.827,55.6
datasets/luxembourg.csv,114599,2026-07-17,5,7,8,3324,1611,14,13,1,1,180.816,138.199,42.615,196.6
datasets/luxembourg.csv,114599,2026-07-17,10,7,8,4417,1611,16,16,0,0,190.089,142.496,47.592,203.7
datasets/luxembourg.csv,114599,2026-07-17,20,7,8,4417,1611,16,16,0,0,191.365,143.155,48.209,225.8
datasets/San Francisco Road Network's Edges.csv,174956,2026-07-17,1,4,5,845,585,9,8,1,1,167.892,122.312,45.577,294.1
datasets/luxembourg.csv,114599,2026-07-17,50,7,8,4417,1611,16,16,0,0,193.543,144.038,49.503,192.8
datasets/luxembourg.csv,114599,2026-07-17,100,7,8,4417,1611,16,16,0,0,192.376,143.194,49.177,198.3
datasets/San Francisco Road Network's Edges.csv,174956,2026-07-17,2,4,5,1123,585,17,17,0,0,393.158,311.132,82.025,294.6
datasets/San Francisco Road Network's Edges.csv,174956,2026-07-17,3,4,5,1123,585,17,17,0,0,394.507,311.506,83.0,297.4
datasets/San Francisco Road Network's Edges.csv,174956,2026-07-17,5,4,5,1123,585,17,17,0,0,399.628,318.059,81.568,282.0
datasets/San Francisco Road Network's Edges.csv,174956,2026-07-17,10,4,5,1123,585,17,17,0,0,401.13,318.688,82.442,282.5
datasets/San Francisco Road Network's Edges.csv,174956,2026-07-17,20,4,5,1123,585,17,17,0,0,397.854,316.257,81.596,276.1
datasets/San Francisco Road Network's Edges.csv,174956,2026-07-17,50,4,5,1123,585,17,17,0,0,399.709,317.861,81.847,294.1
datasets/San Francisco Road Network's Edges.csv,174956,2026-07-17,100,4,5,1123,585,17,17,0,0,399.279,316.599,82.679,276.5
datasets/social/public_figure_edges.csv,11565,2026-07-17,2,71,72,3871,19,73,72,1,1,748.563,653.914,94.647,198.3
datasets/social/public_figure_edges.csv,11565,2026-07-17,3,72,73,2053,19,73,73,0,0,857.776,763.614,94.162,294.6
datasets/social/public_figure_edges.csv,11565,2026-07-17,5,72,73,2053,19,73,73,0,0,857.146,763.529,93.618,297.4
datasets/social/deezer_europe_edges.csv,28281,2026-07-17,1,50,51,7541,31,52,51,1,1,720.639,610.895,109.744,276.5
datasets/social/public_figure_edges.csv,11565,2026-07-17,10,72,73,2053,19,73,73,0,0,865.864,771.891,93.973,282.0
datasets/social/public_figure_edges.csv,11565,2026-07-17,50,72,73,2053,19,73,73,0,0,860.572,768.181,92.391,276.1
datasets/social/public_figure_edges.csv,11565,2026-07-17,20,72,73,2053,19,73,73,0,0,861.222,767.65,93.572,282.5
datasets/social/public_figure_edges.csv,11565,2026-07-17,100,72,73,2053,19,73,73,0,0,863.029,769.284,93.745,294.1
datasets/usroads.csv,126146,2026-07-17,1,4,5,337,536,1,0,1,1,77.994,71.817,6.177,294.1
datasets/usroads.csv,126146,2026-07-17,2,5,6,2721,913,24,23,1,1,342.516,259.503,83.013,294.1
datasets/social/deezer_europe_edges.csv,28281,2026-07-17,2,69,70,3784,31,52,51,1,0,1155.518,1034.91,120.608,198.3
datasets/usroads.csv,126146,2026-07-17,3,6,7,3234,913,24,24,0,0,416.723,322.719,93.999,294.1
datasets/usroads.csv,126146,2026-07-17,5,6,7,3234,913,24,24,0,0,384.57,299.294,85.271,275.2
datasets/usroads.csv,126146,2026-07-17,10,6,7,3234,913,24,24,0,0,385.199,296.529,88.666,294.1
datasets/social/deezer_europe_edges.csv,28281,2026-07-17,3,79,80,4957,41,81,80,1,0,1689.295,1482.494,206.801,294.6
datasets/usroads.csv,126146,2026-07-17,20,6,7,3234,913,24,24,0,0,424.924,327.609,97.31,275.2
datasets/North America Road Network's Edges.csv,175813,2026-07-17,1,0,1,213,3244,1,0,1,1,15.684,6.527,9.156,275.2
datasets/North America Road Network's Edges.csv,175813,2026-07-17,2,1,2,213,3244,1,0,1,1,22.071,11.686,10.384,275.2
datasets/usroads.csv,126146,2026-07-17,50,6,7,3234,913,24,24,0,0,440.327,327.826,112.452,294.1
datasets/North America Road Network's Edges.csv,175813,2026-07-17,3,1,2,167,4602,2,1,1,1,39.07,21.938,17.131,275.2
datasets/North America Road Network's Edges.csv,175813,2026-07-17,5,3,4,167,4602,2,1,1,1,58.347,47.066,11.281,294.1
datasets/social/deezer_europe_edges.csv,28281,2026-07-17,5,82,83,3885,60,83,83,0,0,1916.641,1672.494,244.147,297.4
datasets/social/deezer_europe_edges.csv,28281,2026-07-17,10,82,83,3885,60,83,83,0,0,1937.412,1689.111,248.3,276.5
datasets/social/deezer_europe_edges.csv,28281,2026-07-17,100,82,83,3885,60,83,83,0,0,1935.907,1724.701,211.205,282.5
datasets/social/deezer_europe_edges.csv,28281,2026-07-17,50,82,83,3885,60,83,83,0,0,1937.504,1725.964,211.539,276.1
datasets/social/deezer_europe_edges.csv,28281,2026-07-17,20,82,83,3885,60,83,83,0,0,1945.325,1733.013,212.309,282.0
datasets/usroads.csv,126146,2026-07-17,100,6,7,3234,913,24,24,0,0,445.09,357.023,88.063,294.6
datasets/North America Road Network's Edges.csv,175813,2026-07-17,10,4,5,1784,4602,29,29,0,0,463.638,331.104,132.531,286.6
datasets/North America Road Network's Edges.csv,175813,2026-07-17,20,4,5,1784,4602,29,29,0,0,582.158,450.078,132.078,294.1
datasets/North America Road Network's Edges.csv,175813,2026-07-17,50,4,5,1784,4602,29,29,0,0,578.916,448.882,130.022,297.4
datasets/North America Road Network's Edges.csv,175813,2026-07-17,100,4,5,1784,4602,29,29,0,0,576.637,448.171,128.466,281.7
datasets/social/musae_facebook_edges.csv,22470,2026-07-17,2,94,95,6539,20,88,87,1,1,2792.435,2486.881,305.554,276.1
datasets/social/musae_facebook_edges.csv,22470,2026-07-17,3,107,108,4569,24,109,109,0,0,3662.248,3150.282,511.964,282.0
datasets/social/musae_facebook_edges.csv,22470,2026-07-17,5,107,108,4569,24,109,109,0,0,3674.784,3170.812,503.972,294.6
datasets/social/musae_facebook_edges.csv,22470,2026-07-17,10,107,108,4569,24,109,109,0,0,3622.29,3190.876,431.413,286.6
datasets/social/musae_facebook_edges.csv,22470,2026-07-17,50,107,108,4569,24,109,109,0,0,3565.43,3203.657,361.772,282.5
datasets/social/musae_facebook_edges.csv,22470,2026-07-17,20,107,108,4569,24,109,109,0,0,3570.875,3209.127,361.747,294.1
datasets/social/musae_facebook_edges.csv,22470,2026-07-17,100,107,108,4569,24,109,109,0,0,3540.925,3187.781,353.143,297.4
datasets/road-roadNet-PA.csv,1087562,2026-07-17,1,4,5,1955,890,22,22,0,0,3809.34,2917.788,891.541,950.2
datasets/road-roadNet-PA.csv,1087562,2026-07-17,2,4,5,1955,890,22,22,0,0,3839.117,2939.883,899.207,951.8
datasets/road-roadNet-PA.csv,1087562,2026-07-17,10,4,5,1955,890,22,22,0,0,3852.697,2950.855,901.821,950.2
datasets/road-roadNet-PA.csv,1087562,2026-07-17,100,4,5,1955,890,22,22,0,0,3859.159,2957.192,901.953,949.5
datasets/road-roadNet-PA.csv,1087562,2026-07-17,20,4,5,1955,890,22,22,0,0,3878.316,2972.658,905.655,936.5
datasets/road-roadNet-PA.csv,1087562,2026-07-17,50,4,5,1955,890,22,22,0,0,3892.878,2976.389,916.462,949.4
datasets/road-roadNet-PA.csv,1087562,2026-07-17,5,4,5,1955,890,22,22,0,0,3897.442,2979.008,918.403,894.7
datasets/road-roadNet-PA.csv,1087562,2026-07-17,3,4,5,1955,890,22,22,0,0,3897.489,2978.512,918.942,948.8
datasets/belgium.csv,1441295,2026-07-17,1,5,6,2141,1552,4,3,1,1,3117.742,2619.187,498.545,950.2
datasets/belgium.csv,1441295,2026-07-17,2,8,9,5916,2077,13,12,1,1,6498.762,5372.406,1126.329,1018.3
datasets/belgium.csv,1441295,2026-07-17,3,11,12,14390,2276,16,15,1,1,9105.873,7907.003,1198.86,1190.5
datasets/belgium.csv,1441295,2026-07-17,5,15,16,23298,2894,21,20,1,1,10804.86,9410.296,1394.545,1252.7
datasets/belgium.csv,1441295,2026-07-17,10,16,17,31033,3332,24,24,0,0,14424.276,12981.993,1442.26,1321.3
datasets/belgium.csv,1441295,2026-07-17,20,16,17,31033,3332,24,24,0,0,14591.688,13169.935,1421.738,1321.8
datasets/belgium.csv,1441295,2026-07-17,100,16,17,31033,3332,24,24,0,0,14597.931,13175.986,1421.928,1321.7
datasets/belgium.csv,1441295,2026-07-17,50,16,17,31033,3332,24,24,0,0,14605.39,13184.921,1420.444,1321.2
datasets/road-netherlands-osm.csv,2216688,2026-07-17,1,4,5,6380,2507,8,7,1,1,2530.436,1871.969,658.462,2019.0
datasets/road-netherlands-osm.csv,2216688,2026-07-17,2,7,8,15269,3244,12,11,1,1,4162.061,3205.554,956.502,2090.7
datasets/social/musae_git_edges.csv,37700,2026-07-17,3,167,168,4937,14,169,169,0,0,14994.091,13591.844,1402.246,1032.6
datasets/social/musae_git_edges.csv,37700,2026-07-17,5,167,168,4937,14,169,169,0,0,14902.456,13446.198,1456.256,950.2
datasets/road-netherlands-osm.csv,2216688,2026-07-17,3,9,10,19552,3511,13,12,1,1,6575.372,5365.354,1210.008,2051.5
datasets/social/musae_git_edges.csv,37700,2026-07-17,10,167,168,4937,14,169,169,0,0,14746.903,13199.509,1547.382,1190.5
datasets/social/musae_git_edges.csv,37700,2026-07-17,20,167,168,4937,14,169,169,0,0,14820.576,13195.444,1625.131,1294.2
datasets/social/musae_git_edges.csv,37700,2026-07-17,50,167,168,4937,14,169,169,0,0,15349.384,13612.602,1736.78,1321.3
datasets/social/musae_git_edges.csv,37700,2026-07-17,100,167,168,4937,14,169,169,0,0,15411.559,13663.875,1747.676,1387.8
datasets/road-netherlands-osm.csv,2216688,2026-07-17,5,14,15,43681,4173,24,23,1,1,11855.515,9102.835,2751.481,2090.7
datasets/road-roadNet-CA.csv,1957027,2026-07-17,1,4,5,1230,684,18,18,0,0,7088.912,5570.572,1518.334,1678.3
datasets/road-netherlands-osm.csv,2216688,2026-07-17,10,15,16,51207,4173,24,24,0,0,13616.963,11058.692,2558.161,1986.0
datasets/road-netherlands-osm.csv,2216688,2026-07-17,20,15,16,51207,4173,24,24,0,0,13809.149,11230.749,2578.282,1914.8
datasets/road-roadNet-CA.csv,1957027,2026-07-17,2,4,5,1230,684,18,18,0,0,7044.41,5365.411,1678.976,1512.3
datasets/road-roadNet-CA.csv,1957027,2026-07-17,3,4,5,1230,684,18,18,0,0,7072.17,5343.868,1728.265,1566.8
datasets/road-roadNet-CA.csv,1957027,2026-07-17,5,4,5,1230,684,18,18,0,0,7047.66,5350.426,1697.202,2090.7
datasets/road-netherlands-osm.csv,2216688,2026-07-17,50,15,16,51207,4173,24,24,0,0,14212.461,11586.663,2625.633,2051.5
datasets/road-netherlands-osm.csv,2216688,2026-07-17,100,15,16,51207,4173,24,24,0,0,14130.371,11515.926,2614.401,1818.4
datasets/road-roadNet-CA.csv,1957027,2026-07-17,10,4,5,1230,684,18,18,0,0,6177.907,5347.559,830.346,1750.4
datasets/road-roadNet-CA.csv,1957027,2026-07-17,20,4,5,1230,684,18,18,0,0,4788.273,4103.842,684.429,1986.0
datasets/road-roadNet-CA.csv,1957027,2026-07-17,50,4,5,1230,684,18,18,0,0,4214.489,3596.22,618.268,1914.8
datasets/road-roadNet-CA.csv,1957027,2026-07-17,100,4,5,1230,684,18,18,0,0,3611.548,3068.776,542.771,1864.2
datasets/road-asia-osm.txt,11950757,2026-07-17,1,0,1,2515,38767,1,0,1,1,870.964,366.991,503.785,3264.7
datasets/road-asia-osm.txt,11950757,2026-07-17,2,1,2,2515,38767,1,0,1,1,1472.287,601.013,452.557,4260.6
datasets/road-asia-osm.txt,11950757,2026-07-17,3,2,3,2515,38767,1,0,1,1,3429.447,2178.106,492.446,3790.7
datasets/road-asia-osm.txt,11950757,2026-07-17,5,3,4,2515,38767,1,0,1,1,4533.735,2907.192,489.552,4282.5
datasets/road-asia-osm.txt,11950757,2026-07-18,10,7,8,2515,38767,1,0,1,1,16397.686,12051.066,377.399,4676.7
datasets/road-asia-osm.txt,11950757,2026-07-18,20,10,11,50972,51674,21,20,1,1,42811.798,28325.691,9483.734,4598.7
datasets/road-asia-osm.txt,11950757,2026-07-18,50,10,11,86241,54108,24,24,0,0,59193.783,42197.951,11628.855,4875.4
datasets/road-italy-osm.csv,6686493,2026-07-18,1,2,3,2288,9727,1,0,1,1,2345.075,1701.803,257.733,4875.4
datasets/road-italy-osm.csv,6686493,2026-07-18,2,3,4,2855,11292,5,4,1,1,3664.277,2077.717,1019.232,4875.4
datasets/road-italy-osm.csv,6686493,2026-07-19,3,5,6,2855,11292,5,4,1,1,7617.218,4875.819,1131.777,4875.4
datasets/road-italy-osm.csv,6686493,2026-07-19,5,9,10,2855,11292,5,4,1,1,14063.872,10094.041,1086.912,4875.4
datasets/road-asia-osm.txt,11950757,2026-07-19,100,10,11,86241,54108,24,24,0,0,61478.766,44495.14,10386.675,5347.3
datasets/road-italy-osm.csv,6686493,2026-07-19,10,13,14,63959,18740,19,18,1,1,24451.51,17512.398,3650.804,4875.4
datasets/road-italy-osm.csv,6686493,2026-07-19,20,15,16,123948,26684,21,20,1,1,25977.573,18462.584,3873.09,5347.3
datasets/road-italy-osm.csv,6686493,2026-07-19,50,18,19,146086,29501,24,24,0,0,42611.199,32739.209,5251.235,4875.4
datasets/road-italy-osm.csv,6686493,2026-07-19,100,18,19,146086,29501,24,24,0,0,41971.437,33398.035,3614.213,5347.3
datasets/social/HR_edges.csv,54573,2026-07-20,2,228,229,16790,13,231,231,0,0,25391.972,20652.852,2361.54,4875.4
datasets/social/HR_edges.csv,54573,2026-07-20,3,228,229,16790,13,231,231,0,0,25378.223,20643.276,2361.219,5638.2
datasets/road-germany-osm.txt,11548845,2026-07-20,1,5,6,2858,4619,1,0,1,1,28747.444,21138.876,1489.274,3885.6
datasets/road-great-britain-osm.txt,7733822,2026-07-19,1,3,4,5303,6388,1,0,1,1,2610.207,1647.492,295.267,15418.4
datasets/road-great-britain-osm.txt,7733822,2026-07-19,2,6,7,5303,6388,1,0,1,1,11493.59,7254.11,444.22,15418.4
datasets/social/HR_edges.csv,54573,2026-07-19,10,228,229,16790,13,231,231,0,0,46470.344,37935.044,4542.036,14136.9
datasets/social/HR_edges.csv,54573,2026-07-19,5,228,229,16790,13,231,231,0,0,50691.101,43031.276,3736.032,10663.0
datasets/social/HR_edges.csv,54573,2026-07-19,50,228,229,16790,13,231,231,0,0,40823.627,33376.384,3720.653,14142.0
datasets/social/HR_edges.csv,54573,2026-07-19,20,228,229,16790,13,231,231,0,0,51043.862,38754.097,5683.212,14139.5
datasets/road-great-britain-osm.txt,7733822,2026-07-19,3,7,8,31099,8921,13,12,1,1,24388.477,15801.405,4413.704,15452.4
datasets/social/HR_edges.csv,54573,2026-07-19,100,228,229,16790,13,231,231,0,0,46791.517,38874.015,3767.153,14154.1
datasets/road-great-britain-osm.txt,7733822,2026-07-20,5,11,12,32171,9341,14,13,1,1,31246.493,22399.303,4045.159,15292.3
datasets/road-great-britain-osm.txt,7733822,2026-07-20,10,18,19,94366,11118,27,27,0,0,51276.014,37548.824,7155.171,15300.2
datasets/road-germany-osm.txt,11548845,2026-07-20,3,12,13,36051,6593,16,15,1,1,52091.074,37578.433,6464.63,20946.6
datasets/road-great-britain-osm.txt,7733822,2026-07-20,20,18,19,94366,11118,27,27,0,0,56646.594,44525.578,5959.306,15297.3
datasets/road-great-britain-osm.txt,7733822,2026-07-20,100,18,19,94366,11118,27,27,0,0,57487.01,45700.808,5878.208,15293.1
datasets/road-great-britain-osm.txt,7733822,2026-07-20,50,18,19,94366,11118,27,27,0,0,60694.582,49076.71,5811.539,15292.8
datasets/road-germany-osm.txt,11548845,2026-07-20,5,16,17,81631,8381,23,22,1,1,73782.276,55965.04,8876.808,20955.9
datasets/road-germany-osm.txt,11548845,2026-07-21,10,20,21,169670,13387,28,27,1,1,95434.075,74012.842,10804.155,20977.9
datasets/road-germany-osm.txt,11548845,2026-07-21,20,24,25,244371,14646,31,31,0,0,110420.155,86989.541,11681.741,20979.9
datasets/road-germany-osm.txt,11548845,2026-07-21,2,8,9,25642,6261,15,14,1,1,42798.965,27894.085,7822.491,21032.3
